run_id,run_at,config_name,config_description,period,timeframe,dynamic_positions,dynamic_threshold,min_score,indicators,symbol,initial_balance,final_balance,profit_30d,profit_60d,profit_90d,total_trades,winning_trades,losing_trades,neutral_skipped,total_signals,win_rate,avg_win_pct,avg_loss_pct,total_return_pct,max_drawdown_pct,profit_factor,sharpe_approx
bt_20260228_091957_base,2026-02-28T09:19:57.069615,base,Base configuration - similar to current production,2025,60m,False,0.25,0.3,"RSI,StochRSI,MACD,Bollinger,SMA,Volume,Momentum,Patterns",XAU,10000.0,10122.0,30.3,152.32,152.32,18,8,10,4562,4580,44.4,10.34,-9.93,1.22,2.65,0.83,-0.91
bt_20260228_091957_dynamic_on,2026-02-28T09:19:57.106391,dynamic_on,Base + dynamic positions enabled,2025,60m,True,0.25,0.3,"RSI,StochRSI,MACD,Bollinger,SMA,Volume,Momentum,Patterns",XAU,10000.0,10122.0,30.3,152.32,152.32,18,8,10,4562,4580,44.4,10.34,-9.93,1.22,2.65,0.83,-0.91
bt_20260228_091957_dynamic_aggressive,2026-02-28T09:19:57.139398,dynamic_aggressive,Dynamic positions with lower threshold (close more trades),2025,60m,True,0.15,0.25,"RSI,StochRSI,MACD,Bollinger,SMA,Volume,Momentum,Patterns",XAU,10000.0,9308.0,310.15,-175.62,-397.47,46,19,27,4319,4365,41.3,8.87,-13.19,-6.92,11.18,0.47,-3.77
bt_20260228_091957_no_rsi,2026-02-28T09:19:57.174244,no_rsi,Without RSI indicator,2025,60m,False,0.25,0.3,"StochRSI,MACD,Bollinger,SMA,Volume,Momentum,Patterns",XAU,10000.0,10122.0,30.3,152.32,152.32,18,8,10,4562,4580,44.4,10.34,-9.93,1.22,2.65,0.83,-0.91
bt_20260228_091957_momentum_only,2026-02-28T09:19:57.206044,momentum_only,Only momentum-based indicators,2025,60m,False,0.25,0.35,"RSI,MACD,Momentum",XAU,10000.0,9982.0,0.0,48.13,48.13,4,2,2,4725,4729,50.0,7.13,-6.9,-0.18,0.66,1.03,0.21
bt_20260228_091957_strict,2026-02-28T09:19:57.238130,strict,"Strict entry - higher min_score, more agreement required",2025,60m,False,0.25,0.4,"RSI,StochRSI,MACD,Bollinger,SMA,Volume,Momentum,Patterns",XAU,10000.0,10036.0,0.0,35.65,35.65,1,1,0,4760,4761,100.0,11.15,0,0.36,0.0,inf,0
bt_20260228_094036_momentum_only,2026-02-28T09:40:36.307298,momentum_only,Only momentum-based indicators,2024,15m,False,0.25,0.35,"RSI,MACD,Momentum",XAU,10000.0,10000.0,,,,0,0,0,0,0,0,0,0,0,0,0,0
bt_20260228_094101_strict,2026-02-28T09:41:01.802542,strict,"Strict entry - higher min_score, more agreement required",2025,15m,False,0.25,0.4,"RSI,StochRSI,MACD,Bollinger,SMA,Volume,Momentum,Patterns",XAU,10000.0,10000.0,0.0,0.0,0.0,0,0,0,86,86,0,0,0,0.0,0.0,0,0
bt_20260228_094147_strict,2026-02-28T09:41:47.615226,strict,"Strict entry - higher min_score, more agreement required",all,60m,False,0.25,0.4,"RSI,StochRSI,MACD,Bollinger,SMA,Volume,Momentum,Patterns",XAU,10000.0,10053.0,0.0,35.65,35.65,2,2,0,84918,84920,100.0,6.64,0,0.53,0.0,inf,23.41
,2026-02-28T10:10:31.272137,momentum_on,Base configuration - similar to current production,2024,15mm,False,0.25,0.3,"RSI,StochRSI,MACD,Bollinger,SMA,Volume,Momentum,Patterns",XAU,10000.0,10000.0,,,,0,0,0,0,0,0,0,0,0,0,0,0
bt_20260228_101046_mean_reversion,2026-02-28T10:10:46.097614,mean_reversion,Base configuration - similar to current production,2025,60mm,False,0.25,0.3,"RSI,StochRSI,MACD,Bollinger,SMA,Volume,Momentum,Patterns",XAU,10000.0,10000.0,,,,0,0,0,0,0,0,0,0,0,0,0,0
bt_20260228_101052_breakout,2026-02-28T10:10:52.129031,breakout,Base configuration - similar to current production,all,60mm,False,0.25,0.3,"RSI,StochRSI,MACD,Bollinger,SMA,Volume,Momentum,Patterns",XAU,10000.0,10000.0,,,,0,0,0,0,0,0,0,0,0,0,0,0
bt_20260228_101119_scalping,2026-02-28T10:11:19.751053,scalping,Base configuration - similar to current production,2025,60m,False,0.25,0.3,"RSI,StochRSI,MACD,Bollinger,SMA,Volume,Momentum,Patterns",XAU,10000.0,10122.0,30.3,152.32,152.32,18,8,10,4562,4580,44.4,10.34,-9.93,1.22,2.65,0.83,-0.91
bt_20260228_101126_volatility,2026-02-28T10:11:26.651644,volatility,Base configuration - similar to current production,2024,60m,False,0.25,0.3,"RSI,StochRSI,MACD,Bollinger,SMA,Volume,Momentum,Patterns",XAU,10000.0,10000.0,,,,0,0,0,0,0,0,0,0,0,0,0,0
bt_20260228_101136_conservative,2026-02-28T10:11:36.862784,conservative,Base configuration - similar to current production,2025,Dm,False,0.25,0.3,"RSI,StochRSI,MACD,Bollinger,SMA,Volume,Momentum,Patterns",XAU,10000.0,10000.0,,,,0,0,0,0,0,0,0,0,0,0,0,0
bt_20260228_101145_low_volatility,2026-02-28T10:11:45.274565,low_volatility,Base configuration - similar to current production,2025,60m,False,0.25,0.3,"RSI,StochRSI,MACD,Bollinger,SMA,Volume,Momentum,Patterns",XAU,10000.0,10122.0,30.3,152.32,152.32,18,8,10,4562,4580,44.4,10.34,-9.93,1.22,2.65,0.83,-0.91
bt_20260228_104044_strict,2026-02-28T10:40:44.629292,strict,"Strict entry - higher min_score, more agreement required",all,15m,False,0.25,0.4,"RSI,StochRSI,MACD,Bollinger,SMA,Volume,Momentum,Patterns",XAU,10000.0,10010.0,0.0,112.52,112.52,3,1,2,3632,3635,33.3,52.57,-3.12,0.1,1.02,8.41,9.29
bt_20260228_111049_base,2026-02-28T11:10:49.137359,base,Base configuration - similar to current production,2024,15m,False,0.25,0.3,"RSI,StochRSI,MACD,Bollinger,SMA,Volume,Momentum,Patterns",XAU,10000.0,10000.0,,,,0,0,0,0,0,0,0,0,0,0,0,0
bt_20260228_111055_base,2026-02-28T11:10:55.378214,base,Base configuration - similar to current production,2025,15m,False,0.25,0.3,"RSI,StochRSI,MACD,Bollinger,SMA,Volume,Momentum,Patterns",XAU,10000.0,10000.0,,,,0,0,0,0,0,0,0,0,0,0,0,0
bt_20260228_111059_base,2026-02-28T11:10:59.792565,base,Base configuration - similar to current production,2024,Dm,False,0.25,0.3,"RSI,StochRSI,MACD,Bollinger,SMA,Volume,Momentum,Patterns",XAU,10000.0,10000.0,,,,0,0,0,0,0,0,0,0,0,0,0,0
bt_20260228_111144_strict,2026-02-28T11:11:44.584912,strict,"Strict entry - higher min_score, more agreement required",all,60m,False,0.25,0.4,"RSI,StochRSI,MACD,Bollinger,SMA,Volume,Momentum,Patterns",XAU,10000.0,10053.0,0.0,35.65,35.65,2,2,0,84918,84920,100.0,6.64,0,0.53,0.0,inf,23.41
bt_20260228_111230_base,2026-02-28T11:12:30.974029,base,Base configuration - similar to current production,all,60m,False,0.25,0.3,"RSI,StochRSI,MACD,Bollinger,SMA,Volume,Momentum,Patterns",XAU,10000.0,11536.0,30.3,152.32,152.32,37,19,18,84628,84665,51.4,8.02,-5.56,15.36,2.65,1.52,1.5
bt_20260228_111316_dynamic_on,2026-02-28T11:13:16.825511,dynamic_on,Base + dynamic positions enabled,all,60m,True,0.25,0.3,"RSI,StochRSI,MACD,Bollinger,SMA,Volume,Momentum,Patterns",XAU,10000.0,11536.0,30.3,152.32,152.32,37,19,18,84628,84665,51.4,8.02,-5.56,15.36,2.65,1.52,1.5
bt_20260228_114146_scalping,2026-02-28T11:41:46.741992,scalping,Base configuration - similar to current production,2024,15m,False,0.25,0.3,"RSI,StochRSI,MACD,Bollinger,SMA,Volume,Momentum,Patterns",XAU,10000.0,10000.0,,,,0,0,0,0,0,0,0,0,0,0,0,0
bt_20260228_114201_volatility,2026-02-28T11:42:01.073033,volatility,Base configuration - similar to current production,2024,60m,False,0.25,0.3,"RSI,StochRSI,MACD,Bollinger,SMA,Volume,Momentum,Patterns",XAU,10000.0,10000.0,,,,0,0,0,0,0,0,0,0,0,0,0,0
bt_20260228_114206_volatility,2026-02-28T11:42:06.633482,volatility,Base configuration - similar to current production,2025,Dm,False,0.25,0.3,"RSI,StochRSI,MACD,Bollinger,SMA,Volume,Momentum,Patterns",XAU,10000.0,10000.0,,,,0,0,0,0,0,0,0,0,0,0,0,0
bt_20260228_114253_scalping,2026-02-28T11:42:53.682616,scalping,Base configuration - similar to current production,all,60m,False,0.25,0.3,"RSI,StochRSI,MACD,Bollinger,SMA,Volume,Momentum,Patterns",XAU,10000.0,11536.0,30.3,152.32,152.32,37,19,18,84628,84665,51.4,8.02,-5.56,15.36,2.65,1.52,1.5
bt_20260228_114340_mean_reversion,2026-02-28T11:43:40.087850,mean_reversion,Base configuration - similar to current production,all,60m,False,0.25,0.3,"RSI,StochRSI,MACD,Bollinger,SMA,Volume,Momentum,Patterns",XAU,10000.0,11536.0,30.3,152.32,152.32,37,19,18,84628,84665,51.4,8.02,-5.56,15.36,2.65,1.52,1.5
bt_20260228_114424_conservative,2026-02-28T11:44:24.429859,conservative,Base configuration - similar to current production,all,60m,False,0.25,0.3,"RSI,StochRSI,MACD,Bollinger,SMA,Volume,Momentum,Patterns",XAU,10000.0,11536.0,30.3,152.32,152.32,37,19,18,84628,84665,51.4,8.02,-5.56,15.36,2.65,1.52,1.5
bt_20260228_114519_low_volatility,2026-02-28T11:45:19.133032,low_volatility,Base configuration - similar to current production,all,60m,False,0.25,0.3,"RSI,StochRSI,MACD,Bollinger,SMA,Volume,Momentum,Patterns",XAU,10000.0,11536.0,30.3,152.32,152.32,37,19,18,84628,84665,51.4,8.02,-5.56,15.36,2.65,1.52,1.5
bt_20260228_120504_btc_focused,2026-02-28T12:05:04.288492,btc_focused,BTC with lower threshold for more trades,all,60m,True,0.2,0.1,"RSI,StochRSI,MACD,Bollinger,SMA,Volume,Momentum,Patterns",BTC,10000.0,3968048.0,-1568.0,-704.69,7615.22,689,445,244,1616,2305,64.6,1.48,-1.68,39580.48,19.05,1.61,1.91
bt_20260228_120611_btc_focused,2026-02-28T12:06:11.508007,btc_focused,BTC focused - balanced params,all,60m,True,0.2,0.18,"RSI,StochRSI,MACD,Bollinger,SMA,Volume,Momentum,Patterns",BTC,10000.0,536647.0,-435.06,96.24,5634.18,393,261,132,4012,4405,66.4,1.71,-1.48,5266.47,7.76,2.28,3.3
bt_20260228_120643_btc_focused,2026-02-28T12:06:43.793711,btc_focused,BTC focused - stricter for high volatility,all,60m,True,0.25,0.28,"RSI,StochRSI,MACD,Bollinger,SMA,Volume,Momentum,Patterns",BTC,10000.0,19617.0,-61.31,63.47,791.73,114,77,37,6197,6311,67.5,1.95,-2.27,96.17,1.99,1.79,2.43
bt_20260228_120713_us100_focused,2026-02-28T12:07:13.535099,us100_focused,US100/Nasdaq focused - lower threshold for indices,all,60m,True,0.2,0.12,"RSI,StochRSI,MACD,Bollinger,SMA,Volume,Momentum,Patterns",US100,10000.0,1.0899210991938444e+29,-601.94,469.6,3497.6,10839,6582,4257,32489,43328,60.7,0.32,-0.26,1.0899210991938445e+27,22.42,1.94,1.41
bt_20260228_121115_base,2026-02-28T12:11:15.100567,base,Base configuration - similar to current production,recent,60m,False,0.25,0.15,"RSI,StochRSI,MACD,Bollinger,SMA,Volume,Momentum,Patterns",BTC,10000.0,927519.0,-603.1,-931.9,4925.29,498,318,180,3240,3738,63.9,1.65,-1.73,9175.19,14.92,1.68,2.13
bt_20260228_121121_dynamic_on,2026-02-28T12:11:21.735856,dynamic_on,Base + dynamic positions enabled,recent,60m,True,0.25,0.15,"RSI,StochRSI,MACD,Bollinger,SMA,Volume,Momentum,Patterns",BTC,10000.0,927519.0,-603.1,-931.9,4925.29,498,318,180,3240,3738,63.9,1.65,-1.73,9175.19,14.92,1.68,2.13
bt_20260228_121125_base,2026-02-28T12:11:25.037843,base,Base configuration - similar to current production,all,60m,False,0.25,0.28,"RSI,StochRSI,MACD,Bollinger,SMA,Volume,Momentum,Patterns",XAG,10000.0,9259.0,-777.05,-740.9,-740.9,19,5,14,658,677,26.3,21.21,-30.66,-7.41,10.39,0.25,-6.59
bt_20260228_121127_dynamic_aggressive,2026-02-28T12:11:27.812301,dynamic_aggressive,Dynamic positions with lower threshold (close more trades),recent,60m,True,0.15,0.1,"RSI,StochRSI,MACD,Bollinger,SMA,Volume,Momentum,Patterns",BTC,10000.0,2549587.0,-1607.88,-1004.35,6321.89,664,421,243,1814,2478,63.4,1.53,-1.69,25395.87,19.44,1.57,1.83
bt_20260228_121131_dynamic_on,2026-02-28T12:11:31.847709,dynamic_on,Base + dynamic positions enabled,all,60m,True,0.25,0.28,"RSI,StochRSI,MACD,Bollinger,SMA,Volume,Momentum,Patterns",XAG,10000.0,9259.0,-777.05,-740.9,-740.9,19,5,14,658,677,26.3,21.21,-30.66,-7.41,10.39,0.25,-6.59
bt_20260228_121134_no_rsi,2026-02-28T12:11:34.754937,no_rsi,Without RSI indicator,recent,60m,False,0.25,0.15,"StochRSI,MACD,Bollinger,SMA,Volume,Momentum,Patterns",BTC,10000.0,927519.0,-603.1,-931.9,4925.29,498,318,180,3240,3738,63.9,1.65,-1.73,9175.19,14.92,1.68,2.13
bt_20260228_121137_dynamic_aggressive,2026-02-28T12:11:37.737396,dynamic_aggressive,Dynamic positions with lower threshold (close more trades),all,60m,True,0.15,0.23,"RSI,StochRSI,MACD,Bollinger,SMA,Volume,Momentum,Patterns",XAG,10000.0,9518.0,-331.61,-481.61,-481.61,31,12,19,572,603,38.7,23.92,-19.76,-4.82,8.54,0.76,-1.14
bt_20260228_121143_momentum_only,2026-02-28T12:11:43.195373,momentum_only,Only momentum-based indicators,recent,60m,False,0.25,0.2,"RSI,MACD,Momentum",BTC,10000.0,247821.0,-296.47,-389.46,5168.83,314,210,104,4685,4999,66.9,1.77,-1.94,2378.21,7.76,1.85,2.51
bt_20260228_121144_no_rsi,2026-02-28T12:11:44.293014,no_rsi,Without RSI indicator,all,60m,False,0.25,0.28,"StochRSI,MACD,Bollinger,SMA,Volume,Momentum,Patterns",XAG,10000.0,9259.0,-777.05,-740.9,-740.9,19,5,14,658,677,26.3,21.21,-30.66,-7.41,10.39,0.25,-6.59
bt_20260228_121151_strict,2026-02-28T12:11:51.769382,strict,"Strict entry - higher min_score, more agreement required",recent,60m,False,0.25,0.25,"RSI,StochRSI,MACD,Bollinger,SMA,Volume,Momentum,Patterns",BTC,10000.0,72584.0,15.79,325.0,1937.87,171,116,55,5762,5933,67.8,2.02,-2.04,625.84,7.76,2.09,3.14
bt_20260228_121152_momentum_only,2026-02-28T12:11:52.175280,momentum_only,Only momentum-based indicators,all,60m,False,0.25,0.33,"RSI,MACD,Momentum",XAG,10000.0,9427.0,-380.77,-573.15,-573.15,7,2,5,755,762,28.6,2.23,-41.96,-5.73,5.8,0.02,-11.87
bt_20260228_121153_base,2026-02-28T12:11:53.099288,base,Base configuration - similar to current production,recent,60m,False,0.25,0.2,"RSI,StochRSI,MACD,Bollinger,SMA,Volume,Momentum,Patterns",US100,10000.0,1.0253078535922328e+18,-104.0,776.71,3946.93,5475,3457,2018,69118,74593,63.1,0.35,-0.24,1.0253078535922228e+16,19.78,2.44,1.91
bt_20260228_121155_base,2026-02-28T12:11:55.668519,base,Base configuration - similar to current production,all,60m,False,0.25,0.3,"RSI,StochRSI,MACD,Bollinger,SMA,Volume,Momentum,Patterns",XAU,10000.0,11536.0,30.3,152.32,152.32,37,19,18,84628,84665,51.4,8.02,-5.56,15.36,2.65,1.52,1.5
bt_20260228_121159_strict,2026-02-28T12:11:59.077529,strict,"Strict entry - higher min_score, more agreement required",all,60m,False,0.25,0.38,"RSI,StochRSI,MACD,Bollinger,SMA,Volume,Momentum,Patterns",XAG,10000.0,9800.0,0.0,-200.0,-200.0,2,0,2,774,776,0.0,0,-21.55,-2.0,2.0,0.0,-15.87
bt_20260228_121201_btc_focused,2026-02-28T12:12:01.686828,btc_focused,BTC focused - stricter for high volatility,recent,60m,True,0.25,0.28,"RSI,StochRSI,MACD,Bollinger,SMA,Volume,Momentum,Patterns",BTC,10000.0,19617.0,-61.31,63.47,791.73,114,77,37,6197,6311,67.5,1.95,-2.27,96.17,1.99,1.79,2.43
bt_20260228_121210_scalp,2026-02-28T12:12:10.836846,scalp,"Scalping config - more trades, shorter holds",recent,60m,True,0.15,0.15,"RSI,MACD,Bollinger",BTC,10000.0,17372.0,-958.68,-1322.13,-1531.08,491,201,290,3189,3680,40.9,2.08,-1.4,73.72,27.49,1.03,0.12
bt_20260228_121211_btc_focused,2026-02-28T12:12:11.737210,btc_focused,BTC focused - stricter for high volatility,all,60m,True,0.25,0.28,"RSI,StochRSI,MACD,Bollinger,SMA,Volume,Momentum,Patterns",XAG,10000.0,9626.0,-394.08,-374.14,-374.14,19,5,14,658,677,26.3,21.21,-30.66,-3.74,5.31,0.25,-6.59
bt_20260228_121217_scalp_aggressive,2026-02-28T12:12:17.431652,scalp_aggressive,Aggressive scalping - more trades,recent,60m,True,0.1,0.12,"RSI,MACD,Bollinger",BTC,10000.0,18945.0,-337.02,152.29,16.49,584,256,328,2288,2872,43.8,2.25,-1.38,89.45,8.17,1.27,0.96
bt_20260228_121217_scalp,2026-02-28T12:12:17.838488,scalp,"Scalping config - more trades, shorter holds",all,60m,True,0.15,0.2,"RSI,MACD,Bollinger",XAG,10000.0,10348.0,114.06,347.95,347.95,35,15,20,428,463,42.9,68.65,-43.23,3.48,7.26,1.19,1.13
bt_20260228_121225_btc_conservative,2026-02-28T12:12:25.548825,btc_conservative,"BTC conservative - higher min_score, less trades",recent,60m,False,0.25,0.25,"RSI,StochRSI,MACD,Bollinger,SMA,Volume,Momentum,Patterns",BTC,10000.0,27640.0,9.69,166.35,941.66,171,116,55,5762,5933,67.8,2.02,-2.04,176.4,3.94,2.09,3.14
bt_20260228_121230_btc_conservative,2026-02-28T12:12:30.442357,btc_conservative,"BTC conservative - higher min_score, less trades",all,60m,False,0.25,0.28,"RSI,StochRSI,MACD,Bollinger,SMA,Volume,Momentum,Patterns",XAG,10000.0,9626.0,-394.08,-374.14,-374.14,19,5,14,658,677,26.3,21.21,-30.66,-3.74,5.31,0.25,-6.59
bt_20260228_121235_us100_focused,2026-02-28T12:12:35.044539,us100_focused,US100/Nasdaq focused - balanced for indices,recent,60m,True,0.25,0.28,"RSI,StochRSI,MACD,Bollinger,SMA,Volume,Momentum,Patterns",BTC,10000.0,37001.0,-125.39,119.95,1616.41,114,77,37,6197,6311,67.5,1.95,-2.27,270.01,3.96,1.79,2.43
bt_20260228_121237_us100_focused,2026-02-28T12:12:37.194517,us100_focused,US100/Nasdaq focused - balanced for indices,all,60m,True,0.25,0.28,"RSI,StochRSI,MACD,Bollinger,SMA,Volume,Momentum,Patterns",XAG,10000.0,9259.0,-777.05,-740.9,-740.9,19,5,14,658,677,26.3,21.21,-30.66,-7.41,10.39,0.25,-6.59
bt_20260228_121240_dynamic_on,2026-02-28T12:12:40.043692,dynamic_on,Base + dynamic positions enabled,recent,60m,True,0.25,0.2,"RSI,StochRSI,MACD,Bollinger,SMA,Volume,Momentum,Patterns",US100,10000.0,1.0253078535922328e+18,-104.0,776.71,3946.93,5475,3457,2018,69118,74593,63.1,0.35,-0.24,1.0253078535922228e+16,19.78,2.44,1.91
bt_20260228_121245_xag_focused,2026-02-28T12:12:45.045518,xag_focused,Silver focused - different params for commodities,all,60m,True,0.2,0.2,"RSI,StochRSI,MACD,Bollinger,SMA,Volume,Momentum,Patterns",XAG,10000.0,9576.0,-307.95,-424.01,-424.01,40,15,25,484,524,37.5,27.65,-20.48,-4.24,8.09,0.81,-0.9
bt_20260228_121247_dynamic_on,2026-02-28T12:12:47.800159,dynamic_on,Base + dynamic positions enabled,all,60m,True,0.25,0.3,"RSI,StochRSI,MACD,Bollinger,SMA,Volume,Momentum,Patterns",XAU,10000.0,11536.0,30.3,152.32,152.32,37,19,18,84628,84665,51.4,8.02,-5.56,15.36,2.65,1.52,1.5
bt_20260228_121332_dynamic_aggressive,2026-02-28T12:13:32.754974,dynamic_aggressive,Dynamic positions with lower threshold (close more trades),recent,60m,True,0.15,0.15,"RSI,StochRSI,MACD,Bollinger,SMA,Volume,Momentum,Patterns",US100,10000.0,2.869167116488499e+24,-645.14,1162.67,5731.93,8320,5201,3119,49242,57562,62.5,0.33,-0.26,2.869167116488499e+22,20.36,2.07,1.48
bt_20260228_121414_dynamic_aggressive,2026-02-28T12:14:14.704508,dynamic_aggressive,Dynamic positions with lower threshold (close more trades),all,60m,True,0.15,0.25,"RSI,StochRSI,MACD,Bollinger,SMA,Volume,Momentum,Patterns",XAU,10000.0,13513.0,310.15,-175.62,-397.47,105,57,48,84138,84243,54.3,8.32,-9.39,35.13,11.18,1.05,0.2
bt_20260228_121452_no_rsi,2026-02-28T12:14:52.201032,no_rsi,Without RSI indicator,recent,60m,False,0.25,0.2,"StochRSI,MACD,Bollinger,SMA,Volume,Momentum,Patterns",US100,10000.0,1.0253078535922328e+18,-104.0,776.71,3946.93,5475,3457,2018,69118,74593,63.1,0.35,-0.24,1.0253078535922228e+16,19.78,2.44,1.91
bt_20260228_121545_no_rsi,2026-02-28T12:15:45.783642,no_rsi,Without RSI indicator,all,60m,False,0.25,0.3,"StochRSI,MACD,Bollinger,SMA,Volume,Momentum,Patterns",XAU,10000.0,11536.0,30.3,152.32,152.32,37,19,18,84628,84665,51.4,8.02,-5.56,15.36,2.65,1.52,1.5
bt_20260228_121623_momentum_only,2026-02-28T12:16:23.763534,momentum_only,Only momentum-based indicators,recent,60m,False,0.25,0.25,"RSI,MACD,Momentum",US100,10000.0,9001357212194.0,-196.89,389.01,2714.1,3448,2177,1271,82516,85964,63.1,0.38,-0.22,90013572021.94,24.53,2.97,2.41
bt_20260228_121721_momentum_only,2026-02-28T12:17:22.032892,momentum_only,Only momentum-based indicators,all,60m,False,0.25,0.35,"RSI,MACD,Momentum",XAU,10000.0,10619.0,0.0,48.13,48.13,19,8,11,84845,84864,42.1,2.84,-1.32,6.19,2.0,1.57,1.58
bt_20260228_121817_strict,2026-02-28T12:18:17.377640,strict,"Strict entry - higher min_score, more agreement required",recent,60m,False,0.25,0.3,"RSI,StochRSI,MACD,Bollinger,SMA,Volume,Momentum,Patterns",US100,10000.0,472150558.0,-4.46,465.09,2348.96,1664,1063,601,93020,94684,63.9,0.5,-0.2,4721405.58,12.25,4.29,2.98
bt_20260228_121906_strict,2026-02-28T12:19:06.286457,strict,"Strict entry - higher min_score, more agreement required",all,60m,False,0.25,0.4,"RSI,StochRSI,MACD,Bollinger,SMA,Volume,Momentum,Patterns",XAU,10000.0,10053.0,0.0,35.65,35.65,2,2,0,84918,84920,100.0,6.64,0,0.53,0.0,inf,23.41
bt_20260228_121949_btc_focused,2026-02-28T12:19:49.484762,btc_focused,BTC focused - stricter for high volatility,recent,60m,True,0.25,0.2,"RSI,StochRSI,MACD,Bollinger,SMA,Volume,Momentum,Patterns",US100,10000.0,167345232818.0,-46.39,397.31,1847.95,5475,3457,2018,69118,74593,63.1,0.35,-0.24,1673452228.18,10.35,2.44,1.91
bt_20260228_122050_btc_focused,2026-02-28T12:20:50.184090,btc_focused,BTC focused - stricter for high volatility,all,60m,True,0.25,0.3,"RSI,StochRSI,MACD,Bollinger,SMA,Volume,Momentum,Patterns",XAU,10000.0,10750.0,15.15,77.4,77.4,37,19,18,84628,84665,51.4,8.02,-5.56,7.5,1.33,1.52,1.5
bt_20260228_122100_scalp,2026-02-28T12:21:00.617886,scalp,"Scalping config - more trades, shorter holds",recent,60m,True,0.15,0.15,"RSI,MACD,Bollinger",US100,10000.0,6248005335257255.0,-389.74,1496.0,4311.39,8996,3953,5043,50527,59523,43.9,0.35,-0.19,62480053352472.55,18.82,1.4,0.77
bt_20260228_122247_scalp_aggressive,2026-02-28T12:22:47.361775,scalp_aggressive,Aggressive scalping - more trades,recent,60m,True,0.1,0.12,"RSI,MACD,Bollinger",US100,10000.0,66531619173.0,461.49,1606.57,3654.86,10989,4743,6246,38634,49623,43.2,0.37,-0.19,665316091.73,11.2,1.48,0.87
bt_20260228_122259_scalp,2026-02-28T12:22:59.656093,scalp,"Scalping config - more trades, shorter holds",all,60m,True,0.15,0.2,"RSI,MACD,Bollinger",XAU,10000.0,18806.0,394.87,248.04,-274.6,315,129,186,82517,82832,41.0,10.92,-4.63,88.06,11.63,1.64,1.48
bt_20260228_122441_scalp_aggressive,2026-02-28T12:24:41.364342,scalp_aggressive,Aggressive scalping - more trades,all,60m,True,0.1,0.15,"RSI,MACD,Bollinger",XAU,10000.0,30309.0,294.77,142.17,-115.35,962,391,571,78221,79183,40.6,5.5,-2.92,203.09,8.37,1.29,0.68
bt_20260228_122552_scalp_aggressive,2026-02-28T12:25:52.554581,scalp_aggressive,Aggressive scalping - more trades,recent,60m,True,0.1,0.12,"RSI,MACD,Bollinger",US100,10000.0,66531619173.0,461.49,1606.57,3654.86,10989,4743,6246,38634,49623,43.2,0.37,-0.19,665316091.73,11.2,1.48,0.87
bt_20260228_122858_scalp_aggressive,2026-02-28T12:28:58.354608,scalp_aggressive,Aggressive scalping - more trades,all,60m,True,0.1,0.15,"RSI,MACD,Bollinger",XAU,10000.0,30309.0,294.77,142.17,-115.35,962,391,571,78221,79183,40.6,5.5,-2.92,203.09,8.37,1.29,0.68
bt_20260228_122901_btc_conservative,2026-02-28T12:29:01.406920,btc_conservative,"BTC conservative - higher min_score, less trades",all,60m,False,0.25,0.3,"RSI,StochRSI,MACD,Bollinger,SMA,Volume,Momentum,Patterns",XAU,10000.0,10750.0,15.15,77.4,77.4,37,19,18,84628,84665,51.4,8.02,-5.56,7.5,1.33,1.52,1.5
bt_20260228_122913_btc_conservative,2026-02-28T12:29:13.365430,btc_conservative,"BTC conservative - higher min_score, less trades",all,60m,False,0.25,0.3,"RSI,StochRSI,MACD,Bollinger,SMA,Volume,Momentum,Patterns",XAU,10000.0,10750.0,15.15,77.4,77.4,37,19,18,84628,84665,51.4,8.02,-5.56,7.5,1.33,1.52,1.5
bt_20260228_122918_us100_focused,2026-02-28T12:29:18.113911,us100_focused,US100/Nasdaq focused - balanced for indices,all,60m,True,0.25,0.3,"RSI,StochRSI,MACD,Bollinger,SMA,Volume,Momentum,Patterns",XAU,10000.0,11536.0,30.3,152.32,152.32,37,19,18,84628,84665,51.4,8.02,-5.56,15.36,2.65,1.52,1.5
bt_20260228_122920_xag_focused,2026-02-28T12:29:20.461160,xag_focused,Silver focused - different params for commodities,all,60m,True,0.2,0.3,"RSI,StochRSI,MACD,Bollinger,SMA,Volume,Momentum,Patterns",XAU,10000.0,11536.0,30.3,152.32,152.32,37,19,18,84628,84665,51.4,8.02,-5.56,15.36,2.65,1.52,1.5
bt_20260228_122942_btc_conservative,2026-02-28T12:29:42.544512,btc_conservative,"BTC conservative - higher min_score, less trades",recent,60m,False,0.25,0.2,"RSI,StochRSI,MACD,Bollinger,SMA,Volume,Momentum,Patterns",US100,10000.0,167345232818.0,-46.39,397.31,1847.95,5475,3457,2018,69118,74593,63.1,0.35,-0.24,1673452228.18,10.35,2.44,1.91
bt_20260228_123102_us100_focused,2026-02-28T12:31:02.503011,us100_focused,US100/Nasdaq focused - balanced for indices,recent,60m,True,0.25,0.22,"RSI,StochRSI,MACD,Bollinger,SMA,Volume,Momentum,Patterns",US100,10000.0,9163612854701212.0,56.0,913.76,4530.91,4602,2908,1694,75019,79621,63.2,0.36,-0.21,91636128546912.12,22.13,2.84,2.32
bt_20260228_123118_xag_focused,2026-02-28T12:31:18.825970,xag_focused,Silver focused - different params for commodities,recent,60m,True,0.2,0.2,"RSI,StochRSI,MACD,Bollinger,SMA,Volume,Momentum,Patterns",US100,10000.0,1.0253078535922328e+18,-104.0,776.71,3946.93,5475,3457,2018,69118,74593,63.1,0.35,-0.24,1.0253078535922228e+16,19.78,2.44,1.91
bt_20260228_123251_btc_conservative,2026-02-28T12:32:51.567382,btc_conservative,"BTC conservative - higher min_score, less trades",recent,60m,False,0.25,0.2,"RSI,StochRSI,MACD,Bollinger,SMA,Volume,Momentum,Patterns",US100,10000.0,167345232818.0,-46.39,397.31,1847.95,5475,3457,2018,69118,74593,63.1,0.35,-0.24,1673452228.18,10.35,2.44,1.91
bt_20260228_123301_us100_focused,2026-02-28T12:33:01.267641,us100_focused,US100/Nasdaq focused - balanced for indices,all,60m,True,0.25,0.3,"RSI,StochRSI,MACD,Bollinger,SMA,Volume,Momentum,Patterns",XAU,10000.0,11536.0,30.3,152.32,152.32,37,19,18,84628,84665,51.4,8.02,-5.56,15.36,2.65,1.52,1.5
bt_20260228_123417_us100_focused,2026-02-28T12:34:17.537449,us100_focused,US100/Nasdaq focused - balanced for indices,recent,60m,True,0.25,0.22,"RSI,StochRSI,MACD,Bollinger,SMA,Volume,Momentum,Patterns",US100,10000.0,9163612854701212.0,56.0,913.76,4530.91,4602,2908,1694,75019,79621,63.2,0.36,-0.21,91636128546912.12,22.13,2.84,2.32
bt_20260228_123431_xag_focused,2026-02-28T12:34:32.007551,xag_focused,Silver focused - different params for commodities,all,60m,True,0.2,0.3,"RSI,StochRSI,MACD,Bollinger,SMA,Volume,Momentum,Patterns",XAU,10000.0,11536.0,30.3,152.32,152.32,37,19,18,84628,84665,51.4,8.02,-5.56,15.36,2.65,1.52,1.5
bt_20260228_123518_xag_focused,2026-02-28T12:35:18.306830,xag_focused,Silver focused - different params for commodities,recent,60m,True,0.2,0.2,"RSI,StochRSI,MACD,Bollinger,SMA,Volume,Momentum,Patterns",US100,10000.0,1.0253078535922328e+18,-104.0,776.71,3946.93,5475,3457,2018,69118,74593,63.1,0.35,-0.24,1.0253078535922228e+16,19.78,2.44,1.91
bt_20260228_124132_no_rsi,2026-02-28T12:41:32.272248,no_rsi,Without RSI indicator,all,60m,False,0.25,0.28,"StochRSI,MACD,Bollinger,SMA,Volume,Momentum,Patterns",XAG,10000.0,9259.0,-777.05,-740.9,-740.9,19,5,14,658,677,26.3,21.21,-30.66,-7.41,10.39,0.25,-6.59
bt_20260228_124132_xag_focused,2026-02-28T12:41:32.459095,xag_focused,Silver focused - different params for commodities,all,60m,True,0.2,0.2,"RSI,StochRSI,MACD,Bollinger,SMA,Volume,Momentum,Patterns",XAG,10000.0,9576.0,-307.95,-424.01,-424.01,40,15,25,484,524,37.5,27.65,-20.48,-4.24,8.09,0.81,-0.9
bt_20260228_124132_base,2026-02-28T12:41:32.653962,base,Base configuration - similar to current production,all,60m,False,0.25,0.28,"RSI,StochRSI,MACD,Bollinger,SMA,Volume,Momentum,Patterns",XAG,10000.0,9259.0,-777.05,-740.9,-740.9,19,5,14,658,677,26.3,21.21,-30.66,-7.41,10.39,0.25,-6.59
bt_20260228_124134_momentum_only,2026-02-28T12:41:34.259831,momentum_only,Only momentum-based indicators,all,60m,False,0.25,0.33,"RSI,MACD,Momentum",XAG,10000.0,9427.0,-380.77,-573.15,-573.15,7,2,5,755,762,28.6,2.23,-41.96,-5.73,5.8,0.02,-11.87
bt_20260228_124159_scalp,2026-02-28T12:41:59.918455,scalp,"Scalping config - more trades, shorter holds",recent,60m,True,0.15,0.15,"RSI,MACD,Bollinger",BTC,10000.0,17372.0,-958.68,-1322.13,-1531.08,491,201,290,3189,3680,40.9,2.08,-1.4,73.72,27.49,1.03,0.12
bt_20260228_124205_btc_conservative,2026-02-28T12:42:06.046109,btc_conservative,"BTC conservative - higher min_score, less trades",recent,60m,False,0.25,0.25,"RSI,StochRSI,MACD,Bollinger,SMA,Volume,Momentum,Patterns",BTC,10000.0,27640.0,9.69,166.35,941.66,171,116,55,5762,5933,67.8,2.02,-2.04,176.4,3.94,2.09,3.14
bt_20260228_124206_btc_focused,2026-02-28T12:42:06.888921,btc_focused,BTC focused - stricter for high volatility,recent,60m,True,0.25,0.28,"RSI,StochRSI,MACD,Bollinger,SMA,Volume,Momentum,Patterns",BTC,10000.0,19617.0,-61.31,63.47,791.73,114,77,37,6197,6311,67.5,1.95,-2.27,96.17,1.99,1.79,2.43
bt_20260228_124337_scalp_aggressive,2026-02-28T12:43:37.536511,scalp_aggressive,Aggressive scalping - more trades,recent,60m,True,0.1,0.12,"RSI,MACD,Bollinger",US100,10000.0,66531619173.0,461.49,1606.57,3654.86,10989,4743,6246,38634,49623,43.2,0.37,-0.19,665316091.73,11.2,1.48,0.87
bt_20260228_124727_base,2026-02-28T12:47:27.452098,base,Base configuration - similar to current production,all,60m,False,0.25,0.3,"RSI,StochRSI,MACD,Bollinger,SMA,Volume,Momentum,Patterns",XAU,10000.0,11536.0,30.3,152.32,152.32,37,19,18,84628,84665,51.4,8.02,-5.56,15.36,2.65,1.52,1.5
bt_20260228_124836_dynamic_on,2026-02-28T12:48:37.004808,dynamic_on,Base + dynamic positions enabled,all,60m,True,0.25,0.3,"RSI,StochRSI,MACD,Bollinger,SMA,Volume,Momentum,Patterns",XAU,10000.0,11536.0,30.3,152.32,152.32,37,19,18,84628,84665,51.4,8.02,-5.56,15.36,2.65,1.52,1.5
bt_20260228_124942_dynamic_aggressive,2026-02-28T12:49:42.044790,dynamic_aggressive,Dynamic positions with lower threshold (close more trades),all,60m,True,0.15,0.25,"RSI,StochRSI,MACD,Bollinger,SMA,Volume,Momentum,Patterns",XAU,10000.0,13513.0,310.15,-175.62,-397.47,105,57,48,84138,84243,54.3,8.32,-9.39,35.13,11.18,1.05,0.2
bt_20260228_125047_strict,2026-02-28T12:50:47.973266,strict,"Strict entry - higher min_score, more agreement required",all,60m,False,0.25,0.4,"RSI,StochRSI,MACD,Bollinger,SMA,Volume,Momentum,Patterns",XAU,10000.0,10053.0,0.0,35.65,35.65,2,2,0,84918,84920,100.0,6.64,0,0.53,0.0,inf,23.41
bt_20260228_131046_base,2026-02-28T13:10:46.097022,base,Base configuration - similar to current production,all,60m,False,0.25,0.28,"RSI,StochRSI,MACD,Bollinger,SMA,Volume,Momentum,Patterns",XAG,10000.0,9259.0,-777.05,-740.9,-740.9,19,5,14,658,677,26.3,21.21,-30.66,-7.41,10.39,0.25,-6.59
bt_20260228_131050_base,2026-02-28T13:10:50.506372,base,Base configuration - similar to current production,recent,60m,False,0.25,0.15,"RSI,StochRSI,MACD,Bollinger,SMA,Volume,Momentum,Patterns",BTC,10000.0,930460.0,-603.1,-931.9,4925.29,498,318,180,3239,3737,63.9,1.65,-1.73,9204.6,14.92,1.69,2.15
bt_20260228_131142_dynamic_on,2026-02-28T13:11:42.362460,dynamic_on,Base + dynamic positions enabled,all,60m,True,0.25,0.28,"RSI,StochRSI,MACD,Bollinger,SMA,Volume,Momentum,Patterns",XAG,10000.0,9259.0,-777.05,-740.9,-740.9,19,5,14,658,677,26.3,21.21,-30.66,-7.41,10.39,0.25,-6.59
bt_20260228_131153_dynamic_on,2026-02-28T13:11:53.946955,dynamic_on,Base + dynamic positions enabled,recent,60m,True,0.25,0.15,"RSI,StochRSI,MACD,Bollinger,SMA,Volume,Momentum,Patterns",BTC,10000.0,930460.0,-603.1,-931.9,4925.29,498,318,180,3239,3737,63.9,1.65,-1.73,9204.6,14.92,1.69,2.15
bt_20260228_131223_base,2026-02-28T13:12:23.715870,base,Base configuration - similar to current production,all,60m,False,0.25,0.3,"RSI,StochRSI,MACD,Bollinger,SMA,Volume,Momentum,Patterns",XAU,10000.0,11536.0,30.3,152.32,152.32,37,19,18,84628,84665,51.4,8.02,-5.56,15.36,2.65,1.52,1.5
bt_20260228_131231_dynamic_aggressive,2026-02-28T13:12:31.207410,dynamic_aggressive,Dynamic positions with lower threshold (close more trades),all,60m,True,0.15,0.23,"RSI,StochRSI,MACD,Bollinger,SMA,Volume,Momentum,Patterns",XAG,10000.0,9518.0,-331.61,-481.61,-481.61,31,12,19,572,603,38.7,23.92,-19.76,-4.82,8.54,0.76,-1.14
bt_20260228_131240_dynamic_aggressive,2026-02-28T13:12:40.758626,dynamic_aggressive,Dynamic positions with lower threshold (close more trades),recent,60m,True,0.15,0.1,"RSI,StochRSI,MACD,Bollinger,SMA,Volume,Momentum,Patterns",BTC,10000.0,2555779.0,-1607.88,-1004.35,6321.89,664,421,243,1813,2477,63.4,1.53,-1.68,25457.79,19.44,1.58,1.84
bt_20260228_131256_base,2026-02-28T13:12:56.938552,base,Base configuration - similar to current production,recent,60m,False,0.25,0.2,"RSI,StochRSI,MACD,Bollinger,SMA,Volume,Momentum,Patterns",US100,10000.0,1.0253078535922328e+18,-104.0,776.71,3946.93,5475,3457,2018,69118,74593,63.1,0.35,-0.24,1.0253078535922228e+16,19.78,2.44,1.91
bt_20260228_131322_no_rsi,2026-02-28T13:13:22.101062,no_rsi,Without RSI indicator,all,60m,False,0.25,0.28,"StochRSI,MACD,Bollinger,SMA,Volume,Momentum,Patterns",XAG,10000.0,9259.0,-777.05,-740.9,-740.9,19,5,14,658,677,26.3,21.21,-30.66,-7.41,10.39,0.25,-6.59
bt_20260228_131335_no_rsi,2026-02-28T13:13:35.089797,no_rsi,Without RSI indicator,recent,60m,False,0.25,0.15,"StochRSI,MACD,Bollinger,SMA,Volume,Momentum,Patterns",BTC,10000.0,930460.0,-603.1,-931.9,4925.29,498,318,180,3239,3737,63.9,1.65,-1.73,9204.6,14.92,1.69,2.15
bt_20260228_131344_base,2026-02-28T13:13:44.076987,base,Base configuration - similar to current production,recent,60m,False,0.25,0.2,"RSI,StochRSI,MACD,Bollinger,SMA,Volume,Momentum,Patterns",US100,10000.0,1.0253078535922328e+18,-104.0,776.71,3946.93,5475,3457,2018,69118,74593,63.1,0.35,-0.24,1.0253078535922228e+16,19.78,2.44,1.91
bt_20260228_131411_momentum_only,2026-02-28T13:14:11.870497,momentum_only,Only momentum-based indicators,all,60m,False,0.25,0.33,"RSI,MACD,Momentum",XAG,10000.0,9427.0,-380.77,-573.15,-573.15,7,2,5,755,762,28.6,2.23,-41.96,-5.73,5.8,0.02,-11.87
bt_20260228_131429_momentum_only,2026-02-28T13:14:29.439207,momentum_only,Only momentum-based indicators,recent,60m,False,0.25,0.2,"RSI,MACD,Momentum",BTC,10000.0,247821.0,-296.47,-389.46,5168.83,314,211,103,4684,4998,67.2,1.77,-1.96,2378.21,7.76,1.86,2.53
bt_20260228_131451_dynamic_on,2026-02-28T13:14:51.330700,dynamic_on,Base + dynamic positions enabled,all,60m,True,0.25,0.3,"RSI,StochRSI,MACD,Bollinger,SMA,Volume,Momentum,Patterns",XAU,10000.0,11536.0,30.3,152.32,152.32,37,19,18,84628,84665,51.4,8.02,-5.56,15.36,2.65,1.52,1.5
bt_20260228_131457_strict,2026-02-28T13:14:57.815463,strict,"Strict entry - higher min_score, more agreement required",all,60m,False,0.25,0.38,"RSI,StochRSI,MACD,Bollinger,SMA,Volume,Momentum,Patterns",XAG,10000.0,9800.0,0.0,-200.0,-200.0,2,0,2,774,776,0.0,0,-21.55,-2.0,2.0,0.0,-15.87
bt_20260228_131505_dynamic_on,2026-02-28T13:15:05.091977,dynamic_on,Base + dynamic positions enabled,recent,60m,True,0.25,0.2,"RSI,StochRSI,MACD,Bollinger,SMA,Volume,Momentum,Patterns",US100,10000.0,1.0253078535922328e+18,-104.0,776.71,3946.93,5475,3457,2018,69118,74593,63.1,0.35,-0.24,1.0253078535922228e+16,19.78,2.44,1.91
bt_20260228_131520_strict,2026-02-28T13:15:20.801513,strict,"Strict entry - higher min_score, more agreement required",recent,60m,False,0.25,0.25,"RSI,StochRSI,MACD,Bollinger,SMA,Volume,Momentum,Patterns",BTC,10000.0,74278.0,15.79,325.0,1937.87,172,117,55,5761,5933,68.0,2.02,-2.04,642.78,7.76,2.11,3.19
bt_20260228_131523_dynamic_aggressive,2026-02-28T13:15:23.913785,dynamic_aggressive,Dynamic positions with lower threshold (close more trades),recent,60m,True,0.15,0.15,"RSI,StochRSI,MACD,Bollinger,SMA,Volume,Momentum,Patterns",US100,10000.0,2.869167116488499e+24,-645.14,1162.67,5731.93,8320,5201,3119,49242,57562,62.5,0.33,-0.26,2.869167116488499e+22,20.36,2.07,1.48
bt_20260228_131551_btc_focused,2026-02-28T13:15:51.854001,btc_focused,BTC focused - stricter for high volatility,all,60m,True,0.25,0.28,"RSI,StochRSI,MACD,Bollinger,SMA,Volume,Momentum,Patterns",XAG,10000.0,9626.0,-394.08,-374.14,-374.14,19,5,14,658,677,26.3,21.21,-30.66,-3.74,5.31,0.25,-6.59
bt_20260228_131611_dynamic_aggressive,2026-02-28T13:16:11.630356,dynamic_aggressive,Dynamic positions with lower threshold (close more trades),all,60m,True,0.15,0.25,"RSI,StochRSI,MACD,Bollinger,SMA,Volume,Momentum,Patterns",XAU,10000.0,13513.0,310.15,-175.62,-397.47,105,57,48,84138,84243,54.3,8.32,-9.39,35.13,11.18,1.05,0.2
bt_20260228_131614_btc_focused,2026-02-28T13:16:15.037673,btc_focused,BTC focused - stricter for high volatility,recent,60m,True,0.25,0.28,"RSI,StochRSI,MACD,Bollinger,SMA,Volume,Momentum,Patterns",BTC,10000.0,19617.0,-61.31,63.47,791.73,114,77,37,6198,6312,67.5,1.95,-2.27,96.17,1.99,1.79,2.43
bt_20260228_131639_scalp,2026-02-28T13:16:39.675458,scalp,"Scalping config - more trades, shorter holds",all,60m,True,0.15,0.2,"RSI,MACD,Bollinger",XAG,10000.0,10348.0,114.06,347.95,347.95,35,15,20,428,463,42.9,68.65,-43.23,3.48,7.26,1.19,1.13
bt_20260228_131657_scalp,2026-02-28T13:16:57.398922,scalp,"Scalping config - more trades, shorter holds",recent,60m,True,0.15,0.15,"RSI,MACD,Bollinger",BTC,10000.0,17372.0,-958.68,-1322.13,-1531.08,491,201,290,3189,3680,40.9,2.08,-1.4,73.72,27.49,1.03,0.14
bt_20260228_131726_scalp_aggressive,2026-02-28T13:17:26.345048,scalp_aggressive,Aggressive scalping - more trades,all,60m,True,0.1,0.15,"RSI,MACD,Bollinger",XAG,10000.0,10664.0,578.86,664.4,664.4,46,23,23,298,344,50.0,70.73,-40.6,6.64,2.82,1.74,3.54
bt_20260228_131731_no_rsi,2026-02-28T13:17:31.292901,no_rsi,Without RSI indicator,all,60m,False,0.25,0.3,"StochRSI,MACD,Bollinger,SMA,Volume,Momentum,Patterns",XAU,10000.0,11536.0,30.3,152.32,152.32,37,19,18,84628,84665,51.4,8.02,-5.56,15.36,2.65,1.52,1.5
bt_20260228_131733_no_rsi,2026-02-28T13:17:33.914422,no_rsi,Without RSI indicator,recent,60m,False,0.25,0.2,"StochRSI,MACD,Bollinger,SMA,Volume,Momentum,Patterns",US100,10000.0,1.0253078535922328e+18,-104.0,776.71,3946.93,5475,3457,2018,69118,74593,63.1,0.35,-0.24,1.0253078535922228e+16,19.78,2.44,1.91
bt_20260228_131756_scalp_aggressive,2026-02-28T13:17:56.722940,scalp_aggressive,Aggressive scalping - more trades,recent,60m,True,0.1,0.12,"RSI,MACD,Bollinger",BTC,10000.0,18945.0,-337.02,152.29,16.49,584,256,328,2288,2872,43.8,2.25,-1.38,89.45,8.17,1.27,0.97
bt_20260228_131826_btc_conservative,2026-02-28T13:18:26.322292,btc_conservative,"BTC conservative - higher min_score, less trades",all,60m,False,0.25,0.28,"RSI,StochRSI,MACD,Bollinger,SMA,Volume,Momentum,Patterns",XAG,10000.0,9626.0,-394.08,-374.14,-374.14,19,5,14,658,677,26.3,21.21,-30.66,-3.74,5.31,0.25,-6.59
bt_20260228_131857_btc_conservative,2026-02-28T13:18:57.342285,btc_conservative,"BTC conservative - higher min_score, less trades",recent,60m,False,0.25,0.25,"RSI,StochRSI,MACD,Bollinger,SMA,Volume,Momentum,Patterns",BTC,10000.0,27962.0,9.69,166.35,941.66,172,117,55,5761,5933,68.0,2.02,-2.04,179.62,3.94,2.11,3.19
bt_20260228_131923_us100_focused,2026-02-28T13:19:23.818288,us100_focused,US100/Nasdaq focused - balanced for indices,all,60m,True,0.25,0.28,"RSI,StochRSI,MACD,Bollinger,SMA,Volume,Momentum,Patterns",XAG,10000.0,9259.0,-777.05,-740.9,-740.9,19,5,14,658,677,26.3,21.21,-30.66,-7.41,10.39,0.25,-6.59
bt_20260228_131958_us100_focused,2026-02-28T13:19:58.569290,us100_focused,US100/Nasdaq focused - balanced for indices,recent,60m,True,0.25,0.28,"RSI,StochRSI,MACD,Bollinger,SMA,Volume,Momentum,Patterns",BTC,10000.0,37001.0,-125.39,119.95,1616.41,114,77,37,6198,6312,67.5,1.95,-2.27,270.01,3.96,1.79,2.43
bt_20260228_132115_scalp_aggressive,2026-02-28T13:21:15.707524,scalp_aggressive,Aggressive scalping - more trades,recent,60m,True,0.1,0.12,"RSI,MACD,Bollinger",US100,10000.0,66531619173.0,461.49,1606.57,3654.86,10989,4743,6246,38634,49623,43.2,0.37,-0.19,665316091.73,11.2,1.48,0.87
bt_20260228_132117_scalp,2026-02-28T13:21:17.748159,scalp,"Scalping config - more trades, shorter holds",recent,60m,True,0.15,0.15,"RSI,MACD,Bollinger",US100,10000.0,6248005335257255.0,-389.74,1496.0,4311.39,8996,3953,5043,50527,59523,43.9,0.35,-0.19,62480053352472.55,18.82,1.4,0.77
bt_20260228_132251_btc_conservative,2026-02-28T13:22:51.770628,btc_conservative,"BTC conservative - higher min_score, less trades",recent,60m,False,0.25,0.2,"RSI,StochRSI,MACD,Bollinger,SMA,Volume,Momentum,Patterns",US100,10000.0,167345232818.0,-46.39,397.31,1847.95,5475,3457,2018,69118,74593,63.1,0.35,-0.24,1673452228.18,10.35,2.44,1.91
bt_20260228_132256_btc_conservative,2026-02-28T13:22:57.026133,btc_conservative,"BTC conservative - higher min_score, less trades",all,60m,False,0.25,0.3,"RSI,StochRSI,MACD,Bollinger,SMA,Volume,Momentum,Patterns",XAU,10000.0,10750.0,15.15,77.4,77.4,37,19,18,84628,84665,51.4,8.02,-5.56,7.5,1.33,1.52,1.5
bt_20260228_132313_us100_focused,2026-02-28T13:23:13.819129,us100_focused,US100/Nasdaq focused - balanced for indices,all,60m,True,0.25,0.3,"RSI,StochRSI,MACD,Bollinger,SMA,Volume,Momentum,Patterns",XAU,10000.0,11536.0,30.3,152.32,152.32,37,19,18,84628,84665,51.4,8.02,-5.56,15.36,2.65,1.52,1.5
bt_20260228_132315_us100_focused,2026-02-28T13:23:15.734606,us100_focused,US100/Nasdaq focused - balanced for indices,recent,60m,True,0.25,0.22,"RSI,StochRSI,MACD,Bollinger,SMA,Volume,Momentum,Patterns",US100,10000.0,9163612854701212.0,56.0,913.76,4530.91,4602,2908,1694,75019,79621,63.2,0.36,-0.21,91636128546912.12,22.13,2.84,2.32
bt_20260228_132324_xag_focused,2026-02-28T13:23:24.069746,xag_focused,Silver focused - different params for commodities,all,60m,True,0.2,0.3,"RSI,StochRSI,MACD,Bollinger,SMA,Volume,Momentum,Patterns",XAU,10000.0,11536.0,30.3,152.32,152.32,37,19,18,84628,84665,51.4,8.02,-5.56,15.36,2.65,1.52,1.5
bt_20260228_134144_base,2026-02-28T13:41:44.256258,base,Base configuration - similar to current production,all,60m,False,0.25,0.3,"RSI,StochRSI,MACD,Bollinger,SMA,Volume,Momentum,Patterns",XAU,10000.0,11536.0,30.3,152.32,152.32,37,19,18,84628,84665,51.4,8.02,-5.56,15.36,2.65,1.52,1.5
bt_20260228_134248_dynamic_on,2026-02-28T13:42:48.119052,dynamic_on,Base + dynamic positions enabled,all,60m,True,0.25,0.3,"RSI,StochRSI,MACD,Bollinger,SMA,Volume,Momentum,Patterns",XAU,10000.0,11536.0,30.3,152.32,152.32,37,19,18,84628,84665,51.4,8.02,-5.56,15.36,2.65,1.52,1.5
bt_20260228_134351_dynamic_aggressive,2026-02-28T13:43:51.225760,dynamic_aggressive,Dynamic positions with lower threshold (close more trades),all,60m,True,0.15,0.25,"RSI,StochRSI,MACD,Bollinger,SMA,Volume,Momentum,Patterns",XAU,10000.0,13513.0,310.15,-175.62,-397.47,105,57,48,84138,84243,54.3,8.32,-9.39,35.13,11.18,1.05,0.2
bt_20260228_134453_no_rsi,2026-02-28T13:44:53.791815,no_rsi,Without RSI indicator,all,60m,False,0.25,0.3,"StochRSI,MACD,Bollinger,SMA,Volume,Momentum,Patterns",XAU,10000.0,11536.0,30.3,152.32,152.32,37,19,18,84628,84665,51.4,8.02,-5.56,15.36,2.65,1.52,1.5
bt_20260228_134556_momentum_only,2026-02-28T13:45:56.461831,momentum_only,Only momentum-based indicators,all,60m,False,0.25,0.35,"RSI,MACD,Momentum",XAU,10000.0,10619.0,0.0,48.13,48.13,19,8,11,84845,84864,42.1,2.84,-1.32,6.19,2.0,1.57,1.58
bt_20260228_134658_strict,2026-02-28T13:46:58.779214,strict,"Strict entry - higher min_score, more agreement required",all,60m,False,0.25,0.4,"RSI,StochRSI,MACD,Bollinger,SMA,Volume,Momentum,Patterns",XAU,10000.0,10053.0,0.0,35.65,35.65,2,2,0,84918,84920,100.0,6.64,0,0.53,0.0,inf,23.41
bt_20260228_134801_btc_focused,2026-02-28T13:48:01.137163,btc_focused,BTC focused - stricter for high volatility,all,60m,True,0.25,0.3,"RSI,StochRSI,MACD,Bollinger,SMA,Volume,Momentum,Patterns",XAU,10000.0,10750.0,15.15,77.4,77.4,37,19,18,84628,84665,51.4,8.02,-5.56,7.5,1.33,1.52,1.5
bt_20260228_134903_scalp,2026-02-28T13:49:03.656909,scalp,"Scalping config - more trades, shorter holds",all,60m,True,0.15,0.2,"RSI,MACD,Bollinger",XAU,10000.0,18806.0,394.87,248.04,-274.6,315,129,186,82517,82832,41.0,10.92,-4.63,88.06,11.63,1.64,1.48
bt_20260228_135006_scalp_aggressive,2026-02-28T13:50:06.953930,scalp_aggressive,Aggressive scalping - more trades,all,60m,True,0.1,0.15,"RSI,MACD,Bollinger",XAU,10000.0,30309.0,294.77,142.17,-115.35,962,391,571,78221,79183,40.6,5.5,-2.92,203.09,8.37,1.29,0.68
bt_20260228_135118_btc_conservative,2026-02-28T13:51:18.173472,btc_conservative,"BTC conservative - higher min_score, less trades",all,60m,False,0.25,0.3,"RSI,StochRSI,MACD,Bollinger,SMA,Volume,Momentum,Patterns",XAU,10000.0,10750.0,15.15,77.4,77.4,37,19,18,84628,84665,51.4,8.02,-5.56,7.5,1.33,1.52,1.5
bt_20260228_135224_us100_focused,2026-02-28T13:52:24.884738,us100_focused,US100/Nasdaq focused - balanced for indices,all,60m,True,0.25,0.3,"RSI,StochRSI,MACD,Bollinger,SMA,Volume,Momentum,Patterns",XAU,10000.0,11536.0,30.3,152.32,152.32,37,19,18,84628,84665,51.4,8.02,-5.56,15.36,2.65,1.52,1.5
bt_20260228_135331_xag_focused,2026-02-28T13:53:31.689154,xag_focused,Silver focused - different params for commodities,all,60m,True,0.2,0.3,"RSI,StochRSI,MACD,Bollinger,SMA,Volume,Momentum,Patterns",XAU,10000.0,11536.0,30.3,152.32,152.32,37,19,18,84628,84665,51.4,8.02,-5.56,15.36,2.65,1.52,1.5
bt_20260228_135346_base,2026-02-28T13:53:46.428817,base,Base configuration - similar to current production,all,60m,False,0.25,0.28,"RSI,StochRSI,MACD,Bollinger,SMA,Volume,Momentum,Patterns",XAG,10000.0,9259.0,-777.05,-740.9,-740.9,19,5,14,658,677,26.3,21.21,-30.66,-7.41,10.39,0.25,-6.59
bt_20260228_135355_dynamic_on,2026-02-28T13:53:55.870992,dynamic_on,Base + dynamic positions enabled,all,60m,True,0.25,0.28,"RSI,StochRSI,MACD,Bollinger,SMA,Volume,Momentum,Patterns",XAG,10000.0,9259.0,-777.05,-740.9,-740.9,19,5,14,658,677,26.3,21.21,-30.66,-7.41,10.39,0.25,-6.59
bt_20260228_135403_dynamic_aggressive,2026-02-28T13:54:03.358253,dynamic_aggressive,Dynamic positions with lower threshold (close more trades),all,60m,True,0.15,0.23,"RSI,StochRSI,MACD,Bollinger,SMA,Volume,Momentum,Patterns",XAG,10000.0,9518.0,-331.61,-481.61,-481.61,31,12,19,572,603,38.7,23.92,-19.76,-4.82,8.54,0.76,-1.14
bt_20260228_135410_no_rsi,2026-02-28T13:54:10.942390,no_rsi,Without RSI indicator,all,60m,False,0.25,0.28,"StochRSI,MACD,Bollinger,SMA,Volume,Momentum,Patterns",XAG,10000.0,9259.0,-777.05,-740.9,-740.9,19,5,14,658,677,26.3,21.21,-30.66,-7.41,10.39,0.25,-6.59
bt_20260228_135425_momentum_only,2026-02-28T13:54:25.102346,momentum_only,Only momentum-based indicators,all,60m,False,0.25,0.33,"RSI,MACD,Momentum",XAG,10000.0,9427.0,-380.77,-573.15,-573.15,7,2,5,755,762,28.6,2.23,-41.96,-5.73,5.8,0.02,-11.87
bt_20260228_135431_strict,2026-02-28T13:54:31.838155,strict,"Strict entry - higher min_score, more agreement required",all,60m,False,0.25,0.38,"RSI,StochRSI,MACD,Bollinger,SMA,Volume,Momentum,Patterns",XAG,10000.0,9800.0,0.0,-200.0,-200.0,2,0,2,774,776,0.0,0,-21.55,-2.0,2.0,0.0,-15.87
bt_20260228_135439_btc_focused,2026-02-28T13:54:39.371714,btc_focused,BTC focused - stricter for high volatility,all,60m,True,0.25,0.28,"RSI,StochRSI,MACD,Bollinger,SMA,Volume,Momentum,Patterns",XAG,10000.0,9626.0,-394.08,-374.14,-374.14,19,5,14,658,677,26.3,21.21,-30.66,-3.74,5.31,0.25,-6.59
bt_20260228_135452_scalp,2026-02-28T13:54:52.719506,scalp,"Scalping config - more trades, shorter holds",all,60m,True,0.15,0.2,"RSI,MACD,Bollinger",XAG,10000.0,10348.0,114.06,347.95,347.95,35,15,20,428,463,42.9,68.65,-43.23,3.48,7.26,1.19,1.13
bt_20260228_135504_scalp_aggressive,2026-02-28T13:55:04.105501,scalp_aggressive,Aggressive scalping - more trades,all,60m,True,0.1,0.15,"RSI,MACD,Bollinger",XAG,10000.0,10664.0,578.86,664.4,664.4,46,23,23,298,344,50.0,70.73,-40.6,6.64,2.82,1.74,3.54
bt_20260228_135511_btc_conservative,2026-02-28T13:55:11.511656,btc_conservative,"BTC conservative - higher min_score, less trades",all,60m,False,0.25,0.28,"RSI,StochRSI,MACD,Bollinger,SMA,Volume,Momentum,Patterns",XAG,10000.0,9626.0,-394.08,-374.14,-374.14,19,5,14,658,677,26.3,21.21,-30.66,-3.74,5.31,0.25,-6.59
bt_20260228_135518_us100_focused,2026-02-28T13:55:18.589430,us100_focused,US100/Nasdaq focused - balanced for indices,all,60m,True,0.25,0.28,"RSI,StochRSI,MACD,Bollinger,SMA,Volume,Momentum,Patterns",XAG,10000.0,9259.0,-777.05,-740.9,-740.9,19,5,14,658,677,26.3,21.21,-30.66,-7.41,10.39,0.25,-6.59
bt_20260228_135533_xag_focused,2026-02-28T13:55:33.190782,xag_focused,Silver focused - different params for commodities,all,60m,True,0.2,0.2,"RSI,StochRSI,MACD,Bollinger,SMA,Volume,Momentum,Patterns",XAG,10000.0,9576.0,-307.95,-424.01,-424.01,40,15,25,484,524,37.5,27.65,-20.48,-4.24,8.09,0.81,-0.9
bt_20260228_135540_base,2026-02-28T13:55:40.823083,base,Base configuration - similar to current production,recent,60m,False,0.25,0.15,"RSI,StochRSI,MACD,Bollinger,SMA,Volume,Momentum,Patterns",BTC,10000.0,930460.0,-603.1,-931.9,4925.29,498,318,180,3239,3737,63.9,1.65,-1.73,9204.6,14.92,1.69,2.15
bt_20260228_135548_dynamic_on,2026-02-28T13:55:48.643722,dynamic_on,Base + dynamic positions enabled,recent,60m,True,0.25,0.15,"RSI,StochRSI,MACD,Bollinger,SMA,Volume,Momentum,Patterns",BTC,10000.0,930460.0,-603.1,-931.9,4925.29,498,318,180,3239,3737,63.9,1.65,-1.73,9204.6,14.92,1.69,2.15
bt_20260228_135559_dynamic_aggressive,2026-02-28T13:55:59.979385,dynamic_aggressive,Dynamic positions with lower threshold (close more trades),recent,60m,True,0.15,0.1,"RSI,StochRSI,MACD,Bollinger,SMA,Volume,Momentum,Patterns",BTC,10000.0,2555779.0,-1607.88,-1004.35,6321.89,664,421,243,1813,2477,63.4,1.53,-1.68,25457.79,19.44,1.58,1.84
bt_20260228_135609_no_rsi,2026-02-28T13:56:09.558702,no_rsi,Without RSI indicator,recent,60m,False,0.25,0.15,"StochRSI,MACD,Bollinger,SMA,Volume,Momentum,Patterns",BTC,10000.0,930460.0,-603.1,-931.9,4925.29,498,318,180,3239,3737,63.9,1.65,-1.73,9204.6,14.92,1.69,2.15
bt_20260228_135618_momentum_only,2026-02-28T13:56:18.580330,momentum_only,Only momentum-based indicators,recent,60m,False,0.25,0.2,"RSI,MACD,Momentum",BTC,10000.0,247821.0,-296.47,-389.46,5168.83,314,211,103,4684,4998,67.2,1.77,-1.96,2378.21,7.76,1.86,2.53
bt_20260228_135627_strict,2026-02-28T13:56:27.435690,strict,"Strict entry - higher min_score, more agreement required",recent,60m,False,0.25,0.25,"RSI,StochRSI,MACD,Bollinger,SMA,Volume,Momentum,Patterns",BTC,10000.0,74278.0,15.79,325.0,1937.87,172,117,55,5761,5933,68.0,2.02,-2.04,642.78,7.76,2.11,3.19
bt_20260228_135643_btc_focused,2026-02-28T13:56:43.551706,btc_focused,BTC focused - stricter for high volatility,recent,60m,True,0.25,0.28,"RSI,StochRSI,MACD,Bollinger,SMA,Volume,Momentum,Patterns",BTC,10000.0,19617.0,-61.31,63.47,791.73,114,77,37,6198,6312,67.5,1.95,-2.27,96.17,1.99,1.79,2.43
bt_20260228_135652_scalp,2026-02-28T13:56:52.779652,scalp,"Scalping config - more trades, shorter holds",recent,60m,True,0.15,0.15,"RSI,MACD,Bollinger",BTC,10000.0,17372.0,-958.68,-1322.13,-1531.08,491,201,290,3189,3680,40.9,2.08,-1.4,73.72,27.49,1.03,0.14
bt_20260228_135708_scalp_aggressive,2026-02-28T13:57:08.496020,scalp_aggressive,Aggressive scalping - more trades,recent,60m,True,0.1,0.12,"RSI,MACD,Bollinger",BTC,10000.0,18945.0,-337.02,152.29,16.49,584,256,328,2288,2872,43.8,2.25,-1.38,89.45,8.17,1.27,0.97
bt_20260228_135717_btc_conservative,2026-02-28T13:57:17.853542,btc_conservative,"BTC conservative - higher min_score, less trades",recent,60m,False,0.25,0.25,"RSI,StochRSI,MACD,Bollinger,SMA,Volume,Momentum,Patterns",BTC,10000.0,27962.0,9.69,166.35,941.66,172,117,55,5761,5933,68.0,2.02,-2.04,179.62,3.94,2.11,3.19
bt_20260228_135727_us100_focused,2026-02-28T13:57:27.439898,us100_focused,US100/Nasdaq focused - balanced for indices,recent,60m,True,0.25,0.28,"RSI,StochRSI,MACD,Bollinger,SMA,Volume,Momentum,Patterns",BTC,10000.0,37001.0,-125.39,119.95,1616.41,114,77,37,6198,6312,67.5,1.95,-2.27,270.01,3.96,1.79,2.43
bt_20260228_135741_xag_focused,2026-02-28T13:57:41.374100,xag_focused,Silver focused - different params for commodities,recent,60m,True,0.2,0.15,"RSI,StochRSI,MACD,Bollinger,SMA,Volume,Momentum,Patterns",BTC,10000.0,930460.0,-603.1,-931.9,4925.29,498,318,180,3239,3737,63.9,1.65,-1.73,9204.6,14.92,1.69,2.15
bt_20260228_135848_base,2026-02-28T13:58:48.633340,base,Base configuration - similar to current production,recent,60m,False,0.25,0.2,"RSI,StochRSI,MACD,Bollinger,SMA,Volume,Momentum,Patterns",US100,10000.0,1.0253078535922328e+18,-104.0,776.71,3946.93,5475,3457,2018,69118,74593,63.1,0.35,-0.24,1.0253078535922228e+16,19.78,2.44,1.91
bt_20260228_135946_dynamic_on,2026-02-28T13:59:46.579239,dynamic_on,Base + dynamic positions enabled,recent,60m,True,0.25,0.2,"RSI,StochRSI,MACD,Bollinger,SMA,Volume,Momentum,Patterns",US100,10000.0,1.0253078535922328e+18,-104.0,776.71,3946.93,5475,3457,2018,69118,74593,63.1,0.35,-0.24,1.0253078535922228e+16,19.78,2.44,1.91
bt_20260228_140038_dynamic_aggressive,2026-02-28T14:00:38.179058,dynamic_aggressive,Dynamic positions with lower threshold (close more trades),recent,60m,True,0.15,0.15,"RSI,StochRSI,MACD,Bollinger,SMA,Volume,Momentum,Patterns",US100,10000.0,2.869167116488499e+24,-645.14,1162.67,5731.93,8320,5201,3119,49242,57562,62.5,0.33,-0.26,2.869167116488499e+22,20.36,2.07,1.48
bt_20260228_140145_no_rsi,2026-02-28T14:01:45.122822,no_rsi,Without RSI indicator,recent,60m,False,0.25,0.2,"StochRSI,MACD,Bollinger,SMA,Volume,Momentum,Patterns",US100,10000.0,1.0253078535922328e+18,-104.0,776.71,3946.93,5475,3457,2018,69118,74593,63.1,0.35,-0.24,1.0253078535922228e+16,19.78,2.44,1.91
bt_20260228_140256_momentum_only,2026-02-28T14:02:56.298756,momentum_only,Only momentum-based indicators,recent,60m,False,0.25,0.25,"RSI,MACD,Momentum",US100,10000.0,9001357212194.0,-196.89,389.01,2714.1,3448,2177,1271,82516,85964,63.1,0.38,-0.22,90013572021.94,24.53,2.97,2.41
bt_20260228_140420_strict,2026-02-28T14:04:20.494925,strict,"Strict entry - higher min_score, more agreement required",recent,60m,False,0.25,0.3,"RSI,StochRSI,MACD,Bollinger,SMA,Volume,Momentum,Patterns",US100,10000.0,472150558.0,-4.46,465.09,2348.96,1664,1063,601,93020,94684,63.9,0.5,-0.2,4721405.58,12.25,4.29,2.98
bt_20260228_140519_btc_focused,2026-02-28T14:05:19.090501,btc_focused,BTC focused - stricter for high volatility,recent,60m,True,0.25,0.2,"RSI,StochRSI,MACD,Bollinger,SMA,Volume,Momentum,Patterns",US100,10000.0,167345232818.0,-46.39,397.31,1847.95,5475,3457,2018,69118,74593,63.1,0.35,-0.24,1673452228.18,10.35,2.44,1.91
bt_20260228_140614_scalp,2026-02-28T14:06:14.178057,scalp,"Scalping config - more trades, shorter holds",recent,60m,True,0.15,0.15,"RSI,MACD,Bollinger",US100,10000.0,6248005335257255.0,-389.74,1496.0,4311.39,8996,3953,5043,50527,59523,43.9,0.35,-0.19,62480053352472.55,18.82,1.4,0.77
bt_20260228_140655_scalp_aggressive,2026-02-28T14:06:55.348039,scalp_aggressive,Aggressive scalping - more trades,recent,60m,True,0.1,0.12,"RSI,MACD,Bollinger",US100,10000.0,66531619173.0,461.49,1606.57,3654.86,10989,4743,6246,38634,49623,43.2,0.37,-0.19,665316091.73,11.2,1.48,0.87
bt_20260228_140752_btc_conservative,2026-02-28T14:07:52.072464,btc_conservative,"BTC conservative - higher min_score, less trades",recent,60m,False,0.25,0.2,"RSI,StochRSI,MACD,Bollinger,SMA,Volume,Momentum,Patterns",US100,10000.0,167345232818.0,-46.39,397.31,1847.95,5475,3457,2018,69118,74593,63.1,0.35,-0.24,1673452228.18,10.35,2.44,1.91
bt_20260228_140853_us100_focused,2026-02-28T14:08:53.619031,us100_focused,US100/Nasdaq focused - balanced for indices,recent,60m,True,0.25,0.22,"RSI,StochRSI,MACD,Bollinger,SMA,Volume,Momentum,Patterns",US100,10000.0,9163612854701212.0,56.0,913.76,4530.91,4602,2908,1694,75019,79621,63.2,0.36,-0.21,91636128546912.12,22.13,2.84,2.32
bt_20260228_140950_xag_focused,2026-02-28T14:09:50.297488,xag_focused,Silver focused - different params for commodities,recent,60m,True,0.2,0.2,"RSI,StochRSI,MACD,Bollinger,SMA,Volume,Momentum,Patterns",US100,10000.0,1.0253078535922328e+18,-104.0,776.71,3946.93,5475,3457,2018,69118,74593,63.1,0.35,-0.24,1.0253078535922228e+16,19.78,2.44,1.91
bt_20260228_141320_base,2026-02-28T14:13:20.828005,base,Base configuration - similar to current production,all,60m,False,0.25,0.28,"RSI,StochRSI,MACD,Bollinger,SMA,Volume,Momentum,Patterns",XAG,10000.0,9259.0,-777.05,-740.9,-740.9,19,5,14,658,677,26.3,21.21,-30.66,-7.41,10.39,0.25,-6.59
bt_20260228_141328_dynamic_on,2026-02-28T14:13:28.140369,dynamic_on,Base + dynamic positions enabled,all,60m,True,0.25,0.28,"RSI,StochRSI,MACD,Bollinger,SMA,Volume,Momentum,Patterns",XAG,10000.0,9259.0,-777.05,-740.9,-740.9,19,5,14,658,677,26.3,21.21,-30.66,-7.41,10.39,0.25,-6.59
bt_20260228_141334_dynamic_aggressive,2026-02-28T14:13:34.044327,dynamic_aggressive,Dynamic positions with lower threshold (close more trades),all,60m,True,0.15,0.23,"RSI,StochRSI,MACD,Bollinger,SMA,Volume,Momentum,Patterns",XAG,10000.0,9518.0,-331.61,-481.61,-481.61,31,12,19,572,603,38.7,23.92,-19.76,-4.82,8.54,0.76,-1.14
bt_20260228_141340_no_rsi,2026-02-28T14:13:40.348991,no_rsi,Without RSI indicator,all,60m,False,0.25,0.28,"StochRSI,MACD,Bollinger,SMA,Volume,Momentum,Patterns",XAG,10000.0,9259.0,-777.05,-740.9,-740.9,19,5,14,658,677,26.3,21.21,-30.66,-7.41,10.39,0.25,-6.59
bt_20260228_141358_momentum_only,2026-02-28T14:13:58.202223,momentum_only,Only momentum-based indicators,all,60m,False,0.25,0.33,"RSI,MACD,Momentum",XAG,10000.0,9427.0,-380.77,-573.15,-573.15,7,2,5,755,762,28.6,2.23,-41.96,-5.73,5.8,0.02,-11.87
bt_20260228_141403_strict,2026-02-28T14:14:03.472285,strict,"Strict entry - higher min_score, more agreement required",all,60m,False,0.25,0.38,"RSI,StochRSI,MACD,Bollinger,SMA,Volume,Momentum,Patterns",XAG,10000.0,9800.0,0.0,-200.0,-200.0,2,0,2,774,776,0.0,0,-21.55,-2.0,2.0,0.0,-15.87
bt_20260228_141408_btc_focused,2026-02-28T14:14:08.357696,btc_focused,BTC focused - stricter for high volatility,all,60m,True,0.25,0.28,"RSI,StochRSI,MACD,Bollinger,SMA,Volume,Momentum,Patterns",XAG,10000.0,9626.0,-394.08,-374.14,-374.14,19,5,14,658,677,26.3,21.21,-30.66,-3.74,5.31,0.25,-6.59
bt_20260228_141427_scalp,2026-02-28T14:14:27.846560,scalp,"Scalping config - more trades, shorter holds",all,60m,True,0.15,0.2,"RSI,MACD,Bollinger",XAG,10000.0,10348.0,114.06,347.95,347.95,35,15,20,428,463,42.9,68.65,-43.23,3.48,7.26,1.19,1.13
bt_20260228_141431_scalp_aggressive,2026-02-28T14:14:31.177135,scalp_aggressive,Aggressive scalping - more trades,all,60m,True,0.1,0.15,"RSI,MACD,Bollinger",XAG,10000.0,10664.0,578.86,664.4,664.4,46,23,23,298,344,50.0,70.73,-40.6,6.64,2.82,1.74,3.54
bt_20260228_141434_btc_conservative,2026-02-28T14:14:34.941867,btc_conservative,"BTC conservative - higher min_score, less trades",all,60m,False,0.25,0.28,"RSI,StochRSI,MACD,Bollinger,SMA,Volume,Momentum,Patterns",XAG,10000.0,9626.0,-394.08,-374.14,-374.14,19,5,14,658,677,26.3,21.21,-30.66,-3.74,5.31,0.25,-6.59
bt_20260228_141438_us100_focused,2026-02-28T14:14:38.871969,us100_focused,US100/Nasdaq focused - balanced for indices,all,60m,True,0.25,0.28,"RSI,StochRSI,MACD,Bollinger,SMA,Volume,Momentum,Patterns",XAG,10000.0,9259.0,-777.05,-740.9,-740.9,19,5,14,658,677,26.3,21.21,-30.66,-7.41,10.39,0.25,-6.59
bt_20260228_141447_xag_focused,2026-02-28T14:14:47.728012,xag_focused,Silver focused - different params for commodities,all,60m,True,0.2,0.2,"RSI,StochRSI,MACD,Bollinger,SMA,Volume,Momentum,Patterns",XAG,10000.0,9576.0,-307.95,-424.01,-424.01,40,15,25,484,524,37.5,27.65,-20.48,-4.24,8.09,0.81,-0.9
bt_20260228_141500_base,2026-02-28T14:15:00.477737,base,Base configuration - similar to current production,recent,60m,False,0.25,0.15,"RSI,StochRSI,MACD,Bollinger,SMA,Volume,Momentum,Patterns",BTC,10000.0,930460.0,-603.1,-931.9,4925.29,498,318,180,3239,3737,63.9,1.65,-1.73,9204.6,14.92,1.68,2.13
bt_20260228_141503_dynamic_on,2026-02-28T14:15:03.988052,dynamic_on,Base + dynamic positions enabled,recent,60m,True,0.25,0.15,"RSI,StochRSI,MACD,Bollinger,SMA,Volume,Momentum,Patterns",BTC,10000.0,930460.0,-603.1,-931.9,4925.29,498,318,180,3239,3737,63.9,1.65,-1.73,9204.6,14.92,1.68,2.13
bt_20260228_141507_dynamic_aggressive,2026-02-28T14:15:07.113017,dynamic_aggressive,Dynamic positions with lower threshold (close more trades),recent,60m,True,0.15,0.1,"RSI,StochRSI,MACD,Bollinger,SMA,Volume,Momentum,Patterns",BTC,10000.0,2436242.0,-1607.88,-1004.35,6321.89,664,418,246,1805,2469,63.0,1.54,-1.67,24262.42,19.44,1.56,1.81
bt_20260228_141510_no_rsi,2026-02-28T14:15:10.877593,no_rsi,Without RSI indicator,recent,60m,False,0.25,0.15,"StochRSI,MACD,Bollinger,SMA,Volume,Momentum,Patterns",BTC,10000.0,930460.0,-603.1,-931.9,4925.29,498,318,180,3239,3737,63.9,1.65,-1.73,9204.6,14.92,1.68,2.13
bt_20260228_141531_momentum_only,2026-02-28T14:15:31.546141,momentum_only,Only momentum-based indicators,recent,60m,False,0.25,0.2,"RSI,MACD,Momentum",BTC,10000.0,247821.0,-296.47,-389.46,5168.83,314,210,104,4684,4998,66.9,1.77,-1.94,2378.21,7.76,1.85,2.51
bt_20260228_141536_strict,2026-02-28T14:15:36.071914,strict,"Strict entry - higher min_score, more agreement required",recent,60m,False,0.25,0.25,"RSI,StochRSI,MACD,Bollinger,SMA,Volume,Momentum,Patterns",BTC,10000.0,74278.0,15.79,325.0,1937.87,172,117,55,5762,5934,68.0,2.02,-2.04,642.78,7.76,2.11,3.19
bt_20260228_141541_btc_focused,2026-02-28T14:15:41.260249,btc_focused,BTC focused - stricter for high volatility,recent,60m,True,0.25,0.28,"RSI,StochRSI,MACD,Bollinger,SMA,Volume,Momentum,Patterns",BTC,10000.0,19617.0,-61.31,63.47,791.73,114,77,37,6199,6313,67.5,1.95,-2.27,96.17,1.99,1.79,2.43
bt_20260228_141544_scalp,2026-02-28T14:15:44.802062,scalp,"Scalping config - more trades, shorter holds",recent,60m,True,0.15,0.15,"RSI,MACD,Bollinger",BTC,10000.0,17372.0,-958.68,-1322.13,-1531.08,491,201,290,3189,3680,40.9,2.08,-1.4,73.72,27.49,1.03,0.12
bt_20260228_141610_scalp_aggressive,2026-02-28T14:16:10.724635,scalp_aggressive,Aggressive scalping - more trades,recent,60m,True,0.1,0.12,"RSI,MACD,Bollinger",BTC,10000.0,19134.0,-337.02,152.29,16.49,585,257,328,2277,2862,43.9,2.24,-1.38,91.34,8.17,1.27,0.97
bt_20260228_141615_btc_conservative,2026-02-28T14:16:15.357157,btc_conservative,"BTC conservative - higher min_score, less trades",recent,60m,False,0.25,0.25,"RSI,StochRSI,MACD,Bollinger,SMA,Volume,Momentum,Patterns",BTC,10000.0,27962.0,9.69,166.35,941.66,172,117,55,5762,5934,68.0,2.02,-2.04,179.62,3.94,2.11,3.19
bt_20260228_141620_us100_focused,2026-02-28T14:16:20.493215,us100_focused,US100/Nasdaq focused - balanced for indices,recent,60m,True,0.25,0.28,"RSI,StochRSI,MACD,Bollinger,SMA,Volume,Momentum,Patterns",BTC,10000.0,37001.0,-125.39,119.95,1616.41,114,77,37,6199,6313,67.5,1.95,-2.27,270.01,3.96,1.79,2.43
bt_20260228_141624_xag_focused,2026-02-28T14:16:24.149839,xag_focused,Silver focused - different params for commodities,recent,60m,True,0.2,0.15,"RSI,StochRSI,MACD,Bollinger,SMA,Volume,Momentum,Patterns",BTC,10000.0,930460.0,-603.1,-931.9,4925.29,498,318,180,3239,3737,63.9,1.65,-1.73,9204.6,14.92,1.68,2.13
bt_20260228_141822_base,2026-02-28T14:18:23.039931,base,Base configuration - similar to current production,recent,60m,False,0.25,0.2,"RSI,StochRSI,MACD,Bollinger,SMA,Volume,Momentum,Patterns",US100,10000.0,1.0253078535922328e+18,-104.0,776.71,3946.93,5475,3457,2018,69118,74593,63.1,0.35,-0.24,1.0253078535922228e+16,19.78,2.44,1.91
bt_20260228_184438_btc_v3_exp,2026-02-28T18:44:38.807207,btc_v3_exp,JSON: BTC v3 Experimental - RSI/Momentum only,recent,60m,True,0.15,0.05,"RSI,Momentum",BTC,10000.0,89138.0,-2004.64,-674.37,893.74,793,328,465,778,1571,41.4,2.12,-1.23,791.38,30.86,1.22,0.77
bt_20260301_003641_xag_v3_exp,2026-03-01T00:36:41.439157,xag_v3_exp,JSON: XAG v3 Experimental - RSI/Momentum only,all,60m,True,0.15,0.05,"RSI,Momentum",XAG,10000.0,5972.0,6414.84,-1403.39,-1054.21,286,106,180,1193,1479,37.1,24.49,-16.55,-40.28,65.24,0.87,-0.88
bt_20260301_003649_btc_v2_core,2026-03-01T00:36:49.199299,btc_v2_core,"JSON: BTC v2 Core 5m - low threshold, RSI/MACD/Momentum/ADX",all,60m,True,0.15,0.15,"RSI,MACD,Momentum,ADX",XAG,10000.0,10728.0,2310.15,392.18,2294.93,150,59,91,2525,2675,39.3,28.49,-16.95,7.28,22.46,1.09,0.55
bt_20260301_003649_xau_v2_momentum,2026-03-01T00:36:49.845915,xau_v2_momentum,JSON: XAU v2 Momentum 5m - gold momentum strategy,all,60m,True,0.15,0.15,"RSI,MACD,Momentum,ADX",XAG,10000.0,10728.0,2310.15,392.18,2294.93,150,59,91,2525,2675,39.3,28.49,-16.95,7.28,22.46,1.09,0.55
bt_20260301_003649_btc_v3_exp,2026-03-01T00:36:49.877011,btc_v3_exp,JSON: BTC v3 Experimental - RSI/Momentum only,all,60m,True,0.15,0.15,"RSI,Momentum",XAG,10000.0,10728.0,2310.15,392.18,2294.93,150,59,91,2525,2675,39.3,28.49,-16.95,7.28,22.46,1.09,0.55
bt_20260301_003649_xau_scalp_trend,2026-03-01T00:36:50.035370,xau_scalp_trend,JSON: XAU Scalp Trend 5m - RSI/MAC/Momentum,all,60m,True,0.1,0.15,"RSI,MACD,Momentum",XAG,10000.0,10496.0,1124.97,232.84,1164.48,150,59,91,2525,2675,39.3,28.49,-16.95,4.96,11.74,1.09,0.55
bt_20260301_003650_btc_scalp_trend,2026-03-01T00:36:50.110748,btc_scalp_trend,JSON: BTC Scalp Trend 5m - RSI/MAC/Momentum,all,60m,True,0.1,0.15,"RSI,MACD,Momentum",XAG,10000.0,10496.0,1124.97,232.84,1164.48,150,59,91,2525,2675,39.3,28.49,-16.95,4.96,11.74,1.09,0.55
bt_20260301_003650_xau_v3_exp,2026-03-01T00:36:50.203770,xau_v3_exp,JSON: XAU v3 Experimental - RSI/Momentum only,all,60m,True,0.15,0.15,"RSI,Momentum",XAG,10000.0,10728.0,2310.15,392.18,2294.93,150,59,91,2525,2675,39.3,28.49,-16.95,7.28,22.46,1.09,0.55
bt_20260301_003653_btc_v2_safe,2026-03-01T00:36:54.020948,btc_v2_safe,JSON: BTC v2 Safe 5m - conservative version,all,60m,True,0.2,0.2,"RSI,MACD,Momentum,ADX",XAG,10000.0,8749.0,-71.82,-451.65,-359.95,96,38,58,3186,3282,39.6,13.24,-13.18,-12.51,13.8,0.66,-2.01
bt_20260301_003656_btc_v2_core,2026-03-01T00:36:56.809284,btc_v2_core,"JSON: BTC v2 Core 5m - low threshold, RSI/MACD/Momentum/ADX",recent,60m,True,0.15,0.01,"RSI,MACD,Momentum,ADX",BTC,10000.0,167110.0,-2888.36,-1640.98,2686.55,895,371,524,372,1267,41.5,2.08,-1.29,1571.1,35.74,1.14,0.52
bt_20260301_003657_btc_v2_safe,2026-03-01T00:36:57.964254,btc_v2_safe,JSON: BTC v2 Safe 5m - conservative version,recent,60m,True,0.2,0.02,"RSI,MACD,Momentum,ADX",BTC,10000.0,3686639.0,-807.77,-476.77,9379.57,912,575,337,479,1391,63.0,1.61,-1.61,36766.39,12.56,1.71,2.18
bt_20260301_003658_btc_v3_exp,2026-03-01T00:36:58.842207,btc_v3_exp,JSON: BTC v3 Experimental - RSI/Momentum only,recent,60m,True,0.15,0.05,"RSI,Momentum",BTC,10000.0,95133.0,-2004.64,-674.37,893.74,792,328,464,781,1573,41.4,2.13,-1.27,851.33,30.86,1.18,0.66
bt_20260301_003659_btc_scalp_trend,2026-03-01T00:36:59.201223,btc_scalp_trend,JSON: BTC Scalp Trend 5m - RSI/MAC/Momentum,recent,60m,True,0.1,0.05,"RSI,MACD,Momentum",BTC,10000.0,33337.0,-1021.05,-259.37,610.49,792,328,464,781,1573,41.4,2.13,-1.27,233.37,16.4,1.18,0.66
bt_20260301_003703_xau_v2_momentum,2026-03-01T00:37:03.126740,xau_v2_momentum,JSON: XAU v2 Momentum 5m - gold momentum strategy,recent,60m,True,0.15,0.1,"RSI,MACD,Momentum,ADX",BTC,10000.0,103539.0,-932.29,-534.3,1275.08,658,281,377,1752,2410,42.7,2.24,-1.37,935.39,31.76,1.22,0.79
bt_20260301_003703_xau_v3_exp,2026-03-01T00:37:03.274943,xau_v3_exp,JSON: XAU v3 Experimental - RSI/Momentum only,recent,60m,True,0.15,0.1,"RSI,Momentum",BTC,10000.0,103539.0,-932.29,-534.3,1275.08,658,281,377,1752,2410,42.7,2.24,-1.37,935.39,31.76,1.22,0.79
bt_20260301_003703_xag_v3_exp,2026-03-01T00:37:03.286216,xag_v3_exp,JSON: XAG v3 Experimental - RSI/Momentum only,recent,60m,True,0.15,0.1,"RSI,Momentum",BTC,10000.0,103539.0,-932.29,-534.3,1275.08,658,281,377,1752,2410,42.7,2.24,-1.37,935.39,31.76,1.22,0.79
bt_20260301_003703_xau_scalp_trend,2026-03-01T00:37:03.305911,xau_scalp_trend,JSON: XAU Scalp Trend 5m - RSI/MAC/Momentum,recent,60m,True,0.1,0.1,"RSI,MACD,Momentum",BTC,10000.0,34354.0,-436.02,-186.69,774.69,658,281,377,1752,2410,42.7,2.24,-1.37,243.54,16.72,1.22,0.79
bt_20260301_003926_xau_v2_momentum,2026-03-01T00:39:26.479194,xau_v2_momentum,JSON: XAU v2 Momentum 5m - gold momentum strategy,all,60m,True,0.15,0.01,"RSI,MACD,Momentum,ADX",XAU,10000.0,16102388930.0,2092.76,1780.01,1676.23,5360,2044,3316,50514,55874,38.1,2.23,-1.16,161023789.3,43.83,1.18,0.34
bt_20260301_003944_xau_v3_exp,2026-03-01T00:39:44.279948,xau_v3_exp,JSON: XAU v3 Experimental - RSI/Momentum only,all,60m,True,0.15,0.05,"RSI,Momentum",XAU,10000.0,1121987832.0,1137.63,1269.36,-85.26,4012,1558,2454,58527,62539,38.8,2.5,-1.39,11219778.32,46.09,1.15,0.28
bt_20260301_003944_xau_scalp_trend,2026-03-01T00:39:44.347012,xau_scalp_trend,JSON: XAU Scalp Trend 5m - RSI/MAC/Momentum,all,60m,True,0.1,0.05,"RSI,MACD,Momentum",XAU,10000.0,5128898.0,592.36,702.03,69.33,4012,1558,2454,58527,62539,38.8,2.5,-1.39,51188.98,24.79,1.15,0.28
bt_20260301_004016_xag_v3_exp,2026-03-01T00:40:16.145514,xag_v3_exp,JSON: XAG v3 Experimental - RSI/Momentum only,all,60m,True,0.15,0.15,"RSI,Momentum",XAU,10000.0,609687.0,1185.54,442.72,-609.39,962,391,571,78221,79183,40.6,5.5,-2.92,5996.87,30.27,1.29,0.68
bt_20260301_004016_btc_v2_core,2026-03-01T00:40:16.577231,btc_v2_core,"JSON: BTC v2 Core 5m - low threshold, RSI/MACD/Momentum/ADX",all,60m,True,0.15,0.15,"RSI,MACD,Momentum,ADX",XAU,10000.0,609687.0,1185.54,442.72,-609.39,962,391,571,78221,79183,40.6,5.5,-2.92,5996.87,30.27,1.29,0.68
bt_20260301_004016_btc_scalp_trend,2026-03-01T00:40:16.587169,btc_scalp_trend,JSON: BTC Scalp Trend 5m - RSI/MAC/Momentum,all,60m,True,0.1,0.15,"RSI,MACD,Momentum",XAU,10000.0,86978.0,590.81,263.68,-256.33,962,391,571,78221,79183,40.6,5.5,-2.92,769.78,16.19,1.29,0.68
bt_20260301_004017_btc_v3_exp,2026-03-01T00:40:17.231348,btc_v3_exp,JSON: BTC v3 Experimental - RSI/Momentum only,all,60m,True,0.15,0.15,"RSI,Momentum",XAU,10000.0,609687.0,1185.54,442.72,-609.39,962,391,571,78221,79183,40.6,5.5,-2.92,5996.87,30.27,1.29,0.68
bt_20260301_004018_btc_v2_safe,2026-03-01T00:40:18.647279,btc_v2_safe,JSON: BTC v2 Safe 5m - conservative version,all,60m,True,0.2,0.2,"RSI,MACD,Momentum,ADX",XAU,10000.0,18662.0,324.31,149.71,-359.31,321,175,146,82529,82850,54.5,4.14,-4.76,86.62,14.56,1.04,0.13
bt_20260301_005017_xau_v2_momentum,2026-03-01T00:50:17.923245,xau_v2_momentum,JSON: XAU v2 Momentum 5m - gold momentum strategy,all,60m,True,0.15,0.01,"RSI,MACD,Momentum,ADX",XAU,10000.0,16102388930.0,2092.76,1780.01,1676.23,5360,2044,3316,50514,55874,38.1,2.23,-1.16,161023789.3,43.83,1.18,0.34
bt_20260301_005218_xau_v2_momentum,2026-03-01T00:52:18.440562,xau_v2_momentum,JSON: XAU v2 Momentum 5m - gold momentum strategy,all,60m,True,0.2,0.15,"RSI,MACD,Momentum,ADX",XAU,10000.0,609687.0,1185.54,442.72,-609.39,962,391,571,78221,79183,40.6,5.5,-2.92,5996.87,30.27,1.29,0.68
